{
    "artists": [
      { 
          "id": 1,
          "name": "Jimi Hendrix",
          "cover":"jimi_hendrix.jpg",
          "bio":"Lorem ipsum dolor sit amet, consectetur adipiscing elit, sed do eiusmod tempor incididunt ut labore et dolore magna aliqua. Ut enim ad minim veniam, quis nostrud exercitation ullamco laboris nisi ut aliquip ex ea commodo consequat. Duis aute irure dolor in reprehenderit in voluptate velit esse cillum dolore eu fugiat nulla pariatur.",
          "albums": [
              {"albumId":"a1","title":"Electric Ladyland","year":1968,"cover":"electric-ladyland.jpg","price":20},
              {"albumId":"a2","title":"Experience","year":1971,"cover":"experienced.jpg","price":25},
              {"albumId":"a3","title":"Isle of Wright","year":1971,"cover":"isle_of_wright.jpg","price":15},
              {"albumId":"a4","title":"Band of Gypsys","year":1970,"cover":"band_of_gypsys.jpg","price":10}
          ],
          "style":"rock, blues"
      },
      { 
          "id": 2,
          "name": "Madonna",
          "cover":"madonna.jpg", 
          "bio":"Lorem ipsum dolor sit amet, consectetur adipiscing elit, sed do eiusmod tempor incididunt ut labore et dolore magna aliqua. Ut enim ad minim veniam, quis nostrud exercitation ullamco laboris nisi ut aliquip ex ea commodo consequat. Duis aute irure dolor in reprehenderit in voluptate velit esse cillum dolore eu fugiat nulla pariatur.",
          "albums": [
              {"albumId":"b1","title":"Like a Virgin","year":1984,"cover":"like_a_virgin.jpg","price":20},
              {"albumId":"b2","title":"True Blue","year":1986,"cover":"true_blue.jpg","price":25},
              {"albumId":"b3","title":"Erotica","year":1994,"cover":"erotica.jpg","price":15},
              {"albumId":"b4","title":"Ray of Light","year":1998,"cover":"ray_of_light.jpg","price":10}
          ],
          "style":"pop"
      },
      { 
          "id": 3,
          "name": "Johnny Cash", 
          "cover":"johnny_cash.jpg",
          "bio":"Lorem ipsum dolor sit amet, consectetur adipiscing elit, sed do eiusmod tempor incididunt ut labore et dolore magna aliqua. Ut enim ad minim veniam, quis nostrud exercitation ullamco laboris nisi ut aliquip ex ea commodo consequat. Duis aute irure dolor in reprehenderit in voluptate velit esse cillum dolore eu fugiat nulla pariatur.", 
          "albums": [
              {"albumId":"c1","title":"Ain't No Grave","year":2010,"cover":"no_grave.jpg","price":20},
              {"albumId":"c2","title":"Out Among the Stars","year":2014,"cover":"among_stars.jpg","price":25},
              {"albumId":"c3","title":"Solitary Man","year":2000,"cover":"solitary_man.jpg","price":15},
              {"albumId":"c4","title":"The Man Comes Around","year":2002,"cover":"man_comes_around.jpg","price":10}
          ],
          "style":"pop"
      },
      { 
          "id": 4,
          "name": "Pink Floyd", 
          "cover":"pink_floyd.jpg", 
          "bio":"Lorem ipsum dolor sit amet, consectetur adipiscing elit, sed do eiusmod tempor incididunt ut labore et dolore magna aliqua. Ut enim ad minim veniam, quis nostrud exercitation ullamco laboris nisi ut aliquip ex ea commodo consequat. Duis aute irure dolor in reprehenderit in voluptate velit esse cillum dolore eu fugiat nulla pariatur.",
          "albums": [
              {"albumId":"d1","title":"The Wall","year":1979,"cover":"the_wall.jpg","price":20},
              {"albumId":"d2","title":"The Dark Side of the Moon","year":1973,"cover":"dark_side.jpg","price":25},
              {"albumId":"d3","title":"Animals","year":1977,"cover":"animals.jpg","price":15}
          ],
          "style":"Rock"
      },
      { 
        "id": 5,
        "name": "Joe Satriani", 
        "cover":"Joe_satriani.jpg", 
        "bio":"Lorem ipsum dolor sit amet, consectetur adipiscing elit, sed do eiusmod tempor incididunt ut labore et dolore magna aliqua. Ut enim ad minim veniam, quis nostrud exercitation ullamco laboris nisi ut aliquip ex ea commodo consequat. Duis aute irure dolor in reprehenderit in voluptate velit esse cillum dolore eu fugiat nulla pariatur.",
        "albums": [
            {"albumId":"e1","title":"The extremist","year":1979,"cover":"the_extremist.jpg","price":20},
            {"albumId":"e2","title":"Super colossal","year":1997,"cover":"super_colossal.jpg","price":25},
            {"albumId":"e3","title":"Engines of creation","year":2000,"cover":"Engines_Of_Creation.jpg","price":15},
            {"albumId":"e4","title":"Surfing with the alien","year":1985,"cover":"surfing_alien.jpg","price":15}
        ],
        "style":"Rock"
        },
        { 
            "id": 6,
            "name": "Lynyrd Skynyrd", 
            "cover":"lynyrd_skynyrd.jpg", 
            "bio":"Lorem ipsum dolor sit amet, consectetur adipiscing elit, sed do eiusmod tempor incididunt ut labore et dolore magna aliqua. Ut enim ad minim veniam, quis nostrud exercitation ullamco laboris nisi ut aliquip ex ea commodo consequat. Duis aute irure dolor in reprehenderit in voluptate velit esse cillum dolore eu fugiat nulla pariatur.",
            "albums": [
                {"albumId":"f1","title":"Street survivors","year":1979,"cover":"street_survivors.jpg","price":20},
                {"albumId":"f2","title":"Gimme back my bullets","year":1997,"cover":"gimme_back_my_bullets.jpg","price":25},
                {"albumId":"f3","title":"Last of a dying breed","year":2000,"cover":"Last_Of_A_Dyin_Breed.jpg","price":15}
            ],
            "style":"Rock"
        },
        { 
            "id": 7,
            "name": "Red hot chili peppers", 
            "cover":"red_hot.jpg", 
            "bio":"Lorem ipsum dolor sit amet, consectetur adipiscing elit, sed do eiusmod tempor incididunt ut labore et dolore magna aliqua. Ut enim ad minim veniam, quis nostrud exercitation ullamco laboris nisi ut aliquip ex ea commodo consequat. Duis aute irure dolor in reprehenderit in voluptate velit esse cillum dolore eu fugiat nulla pariatur.",
            "albums": [
                {"albumId":"g1","title":"Californication","year":1979,"cover":"californication.jpg","price":20},
                {"albumId":"g2","title":"Blood sugar sex magic","year":1997,"cover":"sugar_sex_magic.jpg","price":25},
                {"albumId":"g3","title":"Cant stop","year":2000,"cover":"cant_stop.jpg","price":15},
                {"albumId":"g3","title":"The gateway","year":2000,"cover":"the_gateway.jpg","price":15}
            ],
            "style":"Rock"
        },
        { 
            "id": 8,
            "name": "Lenny Kravitz", 
            "cover":"lenny_kravitz.jpg", 
            "bio":"Lorem ipsum dolor sit amet, consectetur adipiscing elit, sed do eiusmod tempor incididunt ut labore et dolore magna aliqua. Ut enim ad minim veniam, quis nostrud exercitation ullamco laboris nisi ut aliquip ex ea commodo consequat. Duis aute irure dolor in reprehenderit in voluptate velit esse cillum dolore eu fugiat nulla pariatur.",
            "albums": [
                {"albumId":"h1","title":"5","year":1979,"cover":"5.jpg","price":20},
                {"albumId":"h2","title":"Are you gonna go my way","year":1997,"cover":"are_you.jpg","price":25},
                {"albumId":"h3","title":"Let love rule","year":2000,"cover":"let_love_rule.jpg","price":15}
            ],
            "style":"Rock"
        },
        { 
            "id": 9,
            "name": "The white stripes", 
            "cover":"the_white_stripes.jpg", 
            "bio":"Lorem ipsum dolor sit amet, consectetur adipiscing elit, sed do eiusmod tempor incididunt ut labore et dolore magna aliqua. Ut enim ad minim veniam, quis nostrud exercitation ullamco laboris nisi ut aliquip ex ea commodo consequat. Duis aute irure dolor in reprehenderit in voluptate velit esse cillum dolore eu fugiat nulla pariatur.",
            "albums": [
                {"albumId":"h1","title":"Elephant","year":1979,"cover":"elephant.jpg","price":20},
                {"albumId":"h2","title":"Under great white northern lights","year":1997,"cover":"under.jpg","price":25},
                {"albumId":"h3","title":"Icky thump","year":2000,"cover":"icky_thump.jpg","price":15}
            ],
            "style":"Rock"
        },
        { 
            "id": 10,
            "name": "Pearl jam", 
            "cover":"pearl_jam.jpg", 
            "bio":"Lorem ipsum dolor sit amet, consectetur adipiscing elit, sed do eiusmod tempor incididunt ut labore et dolore magna aliqua. Ut enim ad minim veniam, quis nostrud exercitation ullamco laboris nisi ut aliquip ex ea commodo consequat. Duis aute irure dolor in reprehenderit in voluptate velit esse cillum dolore eu fugiat nulla pariatur.",
            "albums": [
                {"albumId":"h1","title":"Ten","year":1979,"cover":"ten.jpg","price":20},
                {"albumId":"h2","title":"Vs","year":1997,"cover":"vs.jpg","price":25},
                {"albumId":"h3","title":"Vitalogy","year":2000,"cover":"vitalogy.jpg","price":15}
            ],
            "style":"Rock"
        }
    ]
  }

